-- SRAMS Enterprise Seed Data — Realistic Rwandan School
-- Run this AFTER schema.sql and all migrations

-- =============================================
-- ACADEMIC YEARS
-- =============================================
INSERT INTO academic_years (id, name, start_date, end_date, is_current) VALUES
('a0000000-0000-0000-0000-000000000001', '2024', '2024-01-08', '2024-11-22', false),
('a0000000-0000-0000-0000-000000000002', '2025', '2025-01-06', '2025-11-21', false),
('a0000000-0000-0000-0000-000000000003', '2026', '2026-01-05', '2026-11-20', true)
ON CONFLICT DO NOTHING;

-- =============================================
-- TERMS (3 per year — Rwandan calendar)
-- =============================================
INSERT INTO terms (id, academic_year_id, name, start_date, end_date, is_current) VALUES
-- 2024
('b0000000-0000-0000-0000-000000000001', 'a0000000-0000-0000-0000-000000000001', 'Term 1', '2024-01-08', '2024-03-29', false),
('b0000000-0000-0000-0000-000000000002', 'a0000000-0000-0000-0000-000000000001', 'Term 2', '2024-04-15', '2024-07-05', false),
('b0000000-0000-0000-0000-000000000003', 'a0000000-0000-0000-0000-000000000001', 'Term 3', '2024-08-26', '2024-11-22', false),
-- 2025
('b0000000-0000-0000-0000-000000000004', 'a0000000-0000-0000-0000-000000000002', 'Term 1', '2025-01-06', '2025-03-28', false),
('b0000000-0000-0000-0000-000000000005', 'a0000000-0000-0000-0000-000000000002', 'Term 2', '2025-04-14', '2025-07-04', false),
('b0000000-0000-0000-0000-000000000006', 'a0000000-0000-0000-0000-000000000002', 'Term 3', '2025-08-25', '2025-11-21', false),
-- 2026 (current)
('b0000000-0000-0000-0000-000000000007', 'a0000000-0000-0000-0000-000000000003', 'Term 1', '2026-01-05', '2026-03-27', true),
('b0000000-0000-0000-0000-000000000008', 'a0000000-0000-0000-0000-000000000003', 'Term 2', '2026-04-13', '2026-07-03', false),
('b0000000-0000-0000-0000-000000000009', 'a0000000-0000-0000-0000-000000000003', 'Term 3', '2026-08-24', '2026-11-20', false)
ON CONFLICT DO NOTHING;

-- =============================================
-- TRADES (Rwandan TVET trades)
-- =============================================
INSERT INTO trade (id, code, name) VALUES
('c0000000-0000-0000-0000-000000000001', 'SCI', 'Science'),
('c0000000-0000-0000-0000-000000000002', 'ART', 'Arts & Languages'),
('c0000000-0000-0000-0000-000000000003', 'COM', 'Commercial'),
('c0000000-0000-0000-0000-000000000004', 'TEC', 'Technical')
ON CONFLICT DO NOTHING;

-- =============================================
-- CLASSES (4 per trade, Forms 1-4)
-- =============================================
INSERT INTO classes (id, trade_id, name, level, capacity) VALUES
('d0000000-0000-0000-0000-000000000001', 'c0000000-0000-0000-0000-000000000001', 'S1 Science', 1, 45),
('d0000000-0000-0000-0000-000000000002', 'c0000000-0000-0000-0000-000000000001', 'S2 Science', 2, 45),
('d0000000-0000-0000-0000-000000000003', 'c0000000-0000-0000-0000-000000000001', 'S3 Science', 3, 40),
('d0000000-0000-0000-0000-000000000004', 'c0000000-0000-0000-0000-000000000001', 'S4 Science', 4, 40),
('d0000000-0000-0000-0000-000000000005', 'c0000000-0000-0000-0000-000000000002', 'S1 Arts', 1, 45),
('d0000000-0000-0000-0000-000000000006', 'c0000000-0000-0000-0000-000000000002', 'S2 Arts', 2, 45),
('d0000000-0000-0000-0000-000000000007', 'c0000000-0000-0000-0000-000000000002', 'S3 Arts', 3, 40),
('d0000000-0000-0000-0000-000000000008', 'c0000000-0000-0000-0000-000000000002', 'S4 Arts', 4, 40),
('d0000000-0000-0000-0000-000000000009', 'c0000000-0000-0000-0000-000000000003', 'S1 Commercial', 1, 45),
('d0000000-0000-0000-0000-000000000010', 'c0000000-0000-0000-0000-000000000003', 'S2 Commercial', 2, 45),
('d0000000-0000-0000-0000-000000000011', 'c0000000-0000-0000-0000-000000000003', 'S3 Commercial', 3, 40),
('d0000000-0000-0000-0000-000000000012', 'c0000000-0000-0000-0000-000000000003', 'S4 Commercial', 4, 40),
('d0000000-0000-0000-0000-000000000013', 'c0000000-0000-0000-0000-000000000004', 'S1 Technical', 1, 40),
('d0000000-0000-0000-0000-000000000014', 'c0000000-0000-0000-0000-000000000004', 'S2 Technical', 2, 40),
('d0000000-0000-0000-0000-000000000015', 'c0000000-0000-0000-0000-000000000004', 'S3 Technical', 3, 40),
('d0000000-0000-0000-0000-000000000016', 'c0000000-0000-0000-0000-000000000004', 'S4 Technical', 4, 40)
ON CONFLICT DO NOTHING;

-- =============================================
-- SUBJECTS (2 per class)
-- =============================================
INSERT INTO subjects (id, trade_id, class_id, code, name, weight) VALUES
-- Science
('e0000000-0000-0000-0000-000000000001', 'c0000000-0000-0000-0000-000000000001', 'd0000000-0000-0000-0000-000000000001', 'MATH1S', 'Mathematics', 1.0),
('e0000000-0000-0000-0000-000000000002', 'c0000000-0000-0000-0000-000000000001', 'd0000000-0000-0000-0000-000000000001', 'PHY1S', 'Physics', 1.0),
('e0000000-0000-0000-0000-000000000003', 'c0000000-0000-0000-0000-000000000001', 'd0000000-0000-0000-0000-000000000002', 'MATH2S', 'Mathematics', 1.0),
('e0000000-0000-0000-0000-000000000004', 'c0000000-0000-0000-0000-000000000001', 'd0000000-0000-0000-0000-000000000002', 'CHE2S', 'Chemistry', 1.0),
('e0000000-0000-0000-0000-000000000005', 'c0000000-0000-0000-0000-000000000001', 'd0000000-0000-0000-0000-000000000003', 'MATH3S', 'Mathematics', 1.0),
('e0000000-0000-0000-0000-000000000006', 'c0000000-0000-0000-0000-000000000001', 'd0000000-0000-0000-0000-000000000003', 'BIO3S', 'Biology', 1.0),
('e0000000-0000-0000-0000-000000000007', 'c0000000-0000-0000-0000-000000000001', 'd0000000-0000-0000-0000-000000000004', 'MATH4S', 'Mathematics', 1.0),
('e0000000-0000-0000-0000-000000000008', 'c0000000-0000-0000-0000-000000000001', 'd0000000-0000-0000-0000-000000000004', 'PHY4S', 'Physics', 1.0),
-- Arts
('e0000000-0000-0000-0000-000000000009', 'c0000000-0000-0000-0000-000000000002', 'd0000000-0000-0000-0000-000000000005', 'ENG1A', 'English', 1.0),
('e0000000-0000-0000-0000-000000000010', 'c0000000-0000-0000-0000-000000000002', 'd0000000-0000-0000-0000-000000000005', 'KIN1A', 'Kinyarwanda', 1.0),
('e0000000-0000-0000-0000-000000000011', 'c0000000-0000-0000-0000-000000000002', 'd0000000-0000-0000-0000-000000000006', 'ENG2A', 'English', 1.0),
('e0000000-0000-0000-0000-000000000012', 'c0000000-0000-0000-0000-000000000002', 'd0000000-0000-0000-0000-000000000006', 'HIS2A', 'History', 1.0),
('e0000000-0000-0000-0000-000000000013', 'c0000000-0000-0000-0000-000000000002', 'd0000000-0000-0000-0000-000000000007', 'ENG3A', 'English', 1.0),
('e0000000-0000-0000-0000-000000000014', 'c0000000-0000-0000-0000-000000000002', 'd0000000-0000-0000-0000-000000000007', 'LIT3A', 'Literature', 1.0),
('e0000000-0000-0000-0000-000000000015', 'c0000000-0000-0000-0000-000000000002', 'd0000000-0000-0000-0000-000000000008', 'ENG4A', 'English', 1.0),
('e0000000-0000-0000-0000-000000000016', 'c0000000-0000-0000-0000-000000000002', 'd0000000-0000-0000-0000-000000000008', 'KIN4A', 'Kinyarwanda', 1.0),
-- Commercial
('e0000000-0000-0000-0000-000000000017', 'c0000000-0000-0000-0000-000000000003', 'd0000000-0000-0000-0000-000000000009', 'ACC1C', 'Accounting', 1.0),
('e0000000-0000-0000-0000-000000000018', 'c0000000-0000-0000-0000-000000000003', 'd0000000-0000-0000-0000-000000000009', 'ECO1C', 'Economics', 1.0),
('e0000000-0000-0000-0000-000000000019', 'c0000000-0000-0000-0000-000000000003', 'd0000000-0000-0000-0000-000000000010', 'ACC2C', 'Accounting', 1.0),
('e0000000-0000-0000-0000-000000000020', 'c0000000-0000-0000-0000-000000000003', 'd0000000-0000-0000-0000-000000000010', 'COM2C', 'Commerce', 1.0),
('e0000000-0000-0000-0000-000000000021', 'c0000000-0000-0000-0000-000000000003', 'd0000000-0000-0000-0000-000000000011', 'ACC3C', 'Accounting', 1.0),
('e0000000-0000-0000-0000-000000000022', 'c0000000-0000-0000-0000-000000000003', 'd0000000-0000-0000-0000-000000000011', 'ECO3C', 'Economics', 1.0),
('e0000000-0000-0000-0000-000000000023', 'c0000000-0000-0000-0000-000000000003', 'd0000000-0000-0000-0000-000000000012', 'ACC4C', 'Accounting', 1.0),
('e0000000-0000-0000-0000-000000000024', 'c0000000-0000-0000-0000-000000000003', 'd0000000-0000-0000-0000-000000000012', 'BUS4C', 'Business Studies', 1.0),
-- Technical
('e0000000-0000-0000-0000-000000000025', 'c0000000-0000-0000-0000-000000000004', 'd0000000-0000-0000-0000-000000000013', 'EL1T', 'Electrical', 1.0),
('e0000000-0000-0000-0000-000000000026', 'c0000000-0000-0000-0000-000000000004', 'd0000000-0000-0000-0000-000000000013', 'ICT1T', 'ICT', 1.0),
('e0000000-0000-0000-0000-000000000027', 'c0000000-0000-0000-0000-000000000004', 'd0000000-0000-0000-0000-000000000014', 'EL2T', 'Electrical', 1.0),
('e0000000-0000-0000-0000-000000000028', 'c0000000-0000-0000-0000-000000000004', 'd0000000-0000-0000-0000-000000000014', 'AUTO2T', 'Automotive', 1.0),
('e0000000-0000-0000-0000-000000000029', 'c0000000-0000-0000-0000-000000000004', 'd0000000-0000-0000-0000-000000000015', 'EL3T', 'Electrical', 1.0),
('e0000000-0000-0000-0000-000000000030', 'c0000000-0000-0000-0000-000000000004', 'd0000000-0000-0000-0000-000000000015', 'ICT3T', 'ICT', 1.0),
('e0000000-0000-0000-0000-000000000031', 'c0000000-0000-0000-0000-000000000004', 'd0000000-0000-0000-0000-000000000016', 'EL4T', 'Electrical', 1.0),
('e0000000-0000-0000-0000-000000000032', 'c0000000-0000-0000-0000-000000000004', 'd0000000-0000-0000-0000-000000000016', 'ICT4T', 'ICT', 1.0)
ON CONFLICT DO NOTHING;

-- =============================================
-- USERS (Admin, Head Teachers, Teachers, Students, Parent)
-- =============================================
-- Password is bcrypt hash of 'Admin@123'
INSERT INTO users (id, role_id, first_name, last_name, email, password_hash, is_active, email_verified) VALUES
('f0000000-0000-0000-0000-000000000001', (SELECT id FROM roles WHERE name = 'Administrator'), 'System', 'Admin', 'admin@srams.com', '$2b$12$LJ3m4ys3Pz8z9vQ5K5x5xuGx5x5x5x5x5x5x5x5x5x5x5x5x5x5x', true, true),
('f0000000-0000-0000-0000-000000000002', (SELECT id FROM roles WHERE name = 'Head Teacher'), 'Jean', 'Mugabo', 'jean.mugabo@srams.com', '$2b$12$LJ3m4ys3Pz8z9vQ5K5x5xuGx5x5x5x5x5x5x5x5x5x5x5x5x5x5x', true, true),
('f0000000-0000-0000-0000-000000000003', (SELECT id FROM roles WHERE name = 'Head Teacher'), 'Marie', 'Uwimana', 'marie.uwimana@srams.com', '$2b$12$LJ3m4ys3Pz8z9vQ5K5x5xuGx5x5x5x5x5x5x5x5x5x5x5x5x5x5x', true, true),
('f0000000-0000-0000-0000-000000000004', (SELECT id FROM roles WHERE name = 'Head Teacher'), 'Patrick', 'Ndayisaba', 'patrick.ndayisaba@srams.com', '$2b$12$LJ3m4ys3Pz8z9vQ5K5x5xuGx5x5x5x5x5x5x5x5x5x5x5x5x5x5x', true, true),
('f0000000-0000-0000-0000-000000000005', (SELECT id FROM roles WHERE name = 'Teacher'), 'Emmanuel', 'Bizimana', 'emmanuel.bizimana@srams.com', '$2b$12$LJ3m4ys3Pz8z9vQ5K5x5xuGx5x5x5x5x5x5x5x5x5x5x5x5x5x5x', true, true),
('f0000000-0000-0000-0000-000000000006', (SELECT id FROM roles WHERE name = 'Teacher'), 'Claude', 'Hakizimana', 'claude.hakizimana@srams.com', '$2b$12$LJ3m4ys3Pz8z9vQ5K5x5xuGx5x5x5x5x5x5x5x5x5x5x5x5x5x5x', true, true),
('f0000000-0000-0000-0000-000000000007', (SELECT id FROM roles WHERE name = 'Teacher'), 'Diane', 'Ingabire', 'diane.ingabire@srams.com', '$2b$12$LJ3m4ys3Pz8z9vQ5K5x5xuGx5x5x5x5x5x5x5x5x5x5x5x5x5x5x', true, true),
('f0000000-0000-0000-0000-000000000008', (SELECT id FROM roles WHERE name = 'Teacher'), 'Eric', 'Nsengimana', 'eric.nsengimana@srams.com', '$2b$12$LJ3m4ys3Pz8z9vQ5K5x5xuGx5x5x5x5x5x5x5x5x5x5x5x5x5x5x', true, true),
('f0000000-0000-0000-0000-000000000009', (SELECT id FROM roles WHERE name = 'Teacher'), 'Ange', 'Mukamana', 'ange.mukamana@srams.com', '$2b$12$LJ3m4ys3Pz8z9vQ5K5x5xuGx5x5x5x5x5x5x5x5x5x5x5x5x5x5x', true, true),
('f0000000-0000-0000-0000-000000000010', (SELECT id FROM roles WHERE name = 'Student'), 'Jean', 'Irakoze', 'ADM-2026-0001@student.srams.local', '$2b$12$LJ3m4ys3Pz8z9vQ5K5x5xuGx5x5x5x5x5x5x5x5x5x5x5x5x5x5x', true, true),
('f0000000-0000-0000-0000-000000000011', (SELECT id FROM roles WHERE name = 'Student'), 'Sarah', 'Uwizeye', 'ADM-2026-0002@student.srams.local', '$2b$12$LJ3m4ys3Pz8z9vQ5K5x5xuGx5x5x5x5x5x5x5x5x5x5x5x5x5x5x', true, true),
('f0000000-0000-0000-0000-000000000012', (SELECT id FROM roles WHERE name = 'Student'), 'David', 'Habimana', 'ADM-2026-0003@student.srams.local', '$2b$12$LJ3m4ys3Pz8z9vQ5K5x5xuGx5x5x5x5x5x5x5x5x5x5x5x5x5x5x', true, true),
('f0000000-0000-0000-0000-000000000013', (SELECT id FROM roles WHERE name = 'Student'), 'Grace', 'Niyonsaba', 'ADM-2026-0004@student.srams.local', '$2b$12$LJ3m4ys3Pz8z9vQ5K5x5xuGx5x5x5x5x5x5x5x5x5x5x5x5x5x5x', true, true),
('f0000000-0000-0000-0000-000000000014', (SELECT id FROM roles WHERE name = 'Student'), 'Samuel', 'Manzi', 'ADM-2026-0005@student.srams.local', '$2b$12$LJ3m4ys3Pz8z9vQ5K5x5xuGx5x5x5x5x5x5x5x5x5x5x5x5x5x5x', true, true),
('f0000000-0000-0000-0000-000000000015', (SELECT id FROM roles WHERE name = 'Student'), 'Alice', 'Nyirahabimana', 'ADM-2026-0006@student.srams.local', '$2b$12$LJ3m4ys3Pz8z9vQ5K5x5xuGx5x5x5x5x5x5x5x5x5x5x5x5x5x5x', true, true),
('f0000000-0000-0000-0000-000000000016', (SELECT id FROM roles WHERE name = 'Parent'), 'Augustin', 'Irakoze', 'augustin.irakoze@email.com', '$2b$12$LJ3m4ys3Pz8z9vQ5K5x5xuGx5x5x5x5x5x5x5x5x5x5x5x5x5x5x', true, true)
ON CONFLICT DO NOTHING;

-- =============================================
-- TEACHERS
-- =============================================
INSERT INTO teachers (id, trade_id, user_id, employee_no, qualification, specialization) VALUES
('g0000000-0000-0000-0000-000000000001', 'c0000000-0000-0000-0000-000000000001', 'f0000000-0000-0000-0000-000000000005', 'TCH-001', 'BSc Mathematics', 'Mathematics'),
('g0000000-0000-0000-0000-000000000002', 'c0000000-0000-0000-0000-000000000001', 'f0000000-0000-0000-0000-000000000006', 'TCH-002', 'BSc Physics', 'Physics'),
('g0000000-0000-0000-0000-000000000003', 'c0000000-0000-0000-0000-000000000002', 'f0000000-0000-0000-0000-000000000007', 'TCH-003', 'BA English', 'English'),
('g0000000-0000-0000-0000-000000000004', 'c0000000-0000-0000-0000-000000000003', 'f0000000-0000-0000-0000-000000000008', 'TCH-004', 'BCom Accounting', 'Accounting'),
('g0000000-0000-0000-0000-000000000005', 'c0000000-0000-0000-0000-000000000004', 'f0000000-0000-0000-0000-000000000009', 'TCH-005', 'BEng Electrical', 'Electrical Engineering')
ON CONFLICT DO NOTHING;

-- =============================================
-- STUDENTS
-- =============================================
INSERT INTO students (id, admission_no, class_id, trade_id, first_name, last_name, email, gender, nationality, user_id) VALUES
('h0000000-0000-0000-0000-000000000001', 'ADM-2026-0001', 'd0000000-0000-0000-0000-000000000001', 'c0000000-0000-0000-0000-000000000001', 'Jean', 'Irakoze', 'ADM-2026-0001@student.srams.local', 'Male', 'Rwandan', 'f0000000-0000-0000-0000-000000000010'),
('h0000000-0000-0000-0000-000000000002', 'ADM-2026-0002', 'd0000000-0000-0000-0000-000000000001', 'c0000000-0000-0000-0000-000000000001', 'Sarah', 'Uwizeye', 'ADM-2026-0002@student.srams.local', 'Female', 'Rwandan', 'f0000000-0000-0000-0000-000000000011'),
('h0000000-0000-0000-0000-000000000003', 'ADM-2026-0003', 'd0000000-0000-0000-0000-000000000005', 'c0000000-0000-0000-0000-000000000002', 'David', 'Habimana', 'ADM-2026-0003@student.srams.local', 'Male', 'Rwandan', 'f0000000-0000-0000-0000-000000000012'),
('h0000000-0000-0000-0000-000000000004', 'ADM-2026-0004', 'd0000000-0000-0000-0000-000000000005', 'c0000000-0000-0000-0000-000000000002', 'Grace', 'Niyonsaba', 'ADM-2026-0004@student.srams.local', 'Female', 'Rwandan', 'f0000000-0000-0000-0000-000000000013'),
('h0000000-0000-0000-0000-000000000005', 'ADM-2026-0005', 'd0000000-0000-0000-0000-000000000009', 'c0000000-0000-0000-0000-000000000003', 'Samuel', 'Manzi', 'ADM-2026-0005@student.srams.local', 'Male', 'Rwandan', 'f0000000-0000-0000-0000-000000000014'),
('h0000000-0000-0000-0000-000000000006', 'ADM-2026-0006', 'd0000000-0000-0000-0000-000000000013', 'c0000000-0000-0000-0000-000000000004', 'Alice', 'Nyirahabimana', 'ADM-2026-0006@student.srams.local', 'Female', 'Rwandan', 'f0000000-0000-0000-0000-000000000015')
ON CONFLICT DO NOTHING;

-- =============================================
-- TEACHER-SUBJECT-CLASS ALLOCATIONS
-- =============================================
INSERT INTO teacher_subjects (teacher_id, subject_id, class_id, trade_id) VALUES
('g0000000-0000-0000-0000-000000000001', 'e0000000-0000-0000-0000-000000000001', 'd0000000-0000-0000-0000-000000000001', 'c0000000-0000-0000-0000-000000000001'),
('g0000000-0000-0000-0000-000000000001', 'e0000000-0000-0000-0000-000000000003', 'd0000000-0000-0000-0000-000000000002', 'c0000000-0000-0000-0000-000000000001'),
('g0000000-0000-0000-0000-000000000002', 'e0000000-0000-0000-0000-000000000002', 'd0000000-0000-0000-0000-000000000001', 'c0000000-0000-0000-0000-000000000001'),
('g0000000-0000-0000-0000-000000000003', 'e0000000-0000-0000-0000-000000000009', 'd0000000-0000-0000-0000-000000000005', 'c0000000-0000-0000-0000-000000000002'),
('g0000000-0000-0000-0000-000000000004', 'e0000000-0000-0000-0000-000000000017', 'd0000000-0000-0000-0000-000000000009', 'c0000000-0000-0000-0000-000000000003'),
('g0000000-0000-0000-0000-000000000005', 'e0000000-0000-0000-0000-000000000025', 'd0000000-0000-0000-0000-000000000013', 'c0000000-0000-0000-0000-000000000004')
ON CONFLICT DO NOTHING;

-- =============================================
-- GRADING SYSTEM (Rwandan national grading)
-- =============================================
INSERT INTO grading_system (id, grade, min_mark, max_mark, remarks) VALUES
('i0000000-0000-0000-0000-000000000001', 'A', 80, 100, 'Excellent'),
('i0000000-0000-0000-0000-000000000002', 'B+', 70, 79, 'Very Good'),
('i0000000-0000-0000-0000-000000000003', 'B', 60, 69, 'Good'),
('i0000000-0000-0000-0000-000000000004', 'C+', 50, 59, 'Fairly Good'),
('i0000000-0000-0000-0000-000000000005', 'C', 40, 49, 'Average'),
('i0000000-0000-0000-0000-000000000006', 'D', 30, 39, 'Below Average'),
('i0000000-0000-0000-0000-000000000007', 'E', 20, 29, 'Poor'),
('i0000000-0000-0000-0000-000000000008', 'F', 0, 19, 'Fail')
ON CONFLICT DO NOTHING;

-- =============================================
-- SCHOOL PROFILE
-- =============================================
INSERT INTO school_profile (id, name, motto, address, phone, email, website, district, province, country) VALUES
('j0000000-0000-0000-0000-000000000001', 'APR Secondary School', 'Knowledge for Tomorrow', 'KG 7 Ave, Kigali', '+250788000000', 'info@apr.edu.rw', 'https://apr.edu.rw', 'Nyarugenge', 'Kigali City', 'Rwanda')
ON CONFLICT DO NOTHING;

-- =============================================
-- SYSTEM SETTINGS
-- =============================================
INSERT INTO system_settings (setting_key, setting_value, category) VALUES
('academic.promotion_threshold', '{"min_average": 40, "max_refer_average": 50}', 'academic'),
('academic.max_marks', '{"total": 100, "ca_weight": 40, "exam_weight": 60}', 'academic'),
('academic.attendance_alert', '{"threshold_percent": 75, "notify_parent": true}', 'academic'),
('security.password_min_length', '{"min_length": 8, "require_uppercase": true, "require_number": true, "require_special": true}', 'security'),
('security.session_timeout_minutes', '{"timeout": 60}', 'security'),
('notification.email_enabled', '{"enabled": true}', 'notification'),
('notification.sms_enabled', '{"enabled": false}', 'notification'),
('general.school_name', '"APR Secondary School"', 'general'),
('general.academic_year', '"2026"', 'general'),
('general.current_term', '"Term 1"', 'general')
ON CONFLICT (setting_key) DO NOTHING;

-- =============================================
-- ADMISSION SEQUENCES
-- =============================================
INSERT INTO admission_sequences (admission_year, last_number) VALUES (2026, 6)
ON CONFLICT (admission_year) DO NOTHING;

-- =============================================
-- ASSESSMENTS (sample data for current term)
-- =============================================
INSERT INTO assessments (id, trade_id, teacher_id, subject_id, term_id, title, total_marks) VALUES
('aa000000-0000-0000-0000-000000000001', 'c0000000-0000-0000-0000-000000000001', 'g0000000-0000-0000-0000-000000000001', 'e0000000-0000-0000-0000-000000000001', 'b0000000-0000-0000-0000-000000000007', 'Mathematics CAT 1', 50),
('aa000000-0000-0000-0000-000000000002', 'c0000000-0000-0000-0000-000000000001', 'g0000000-0000-0000-0000-000000000002', 'e0000000-0000-0000-0000-000000000002', 'b0000000-0000-0000-0000-000000000007', 'Physics CAT 1', 50),
('aa000000-0000-0000-0000-000000000003', 'c0000000-0000-0000-0000-000000000002', 'g0000000-0000-0000-0000-000000000003', 'e0000000-0000-0000-0000-000000000009', 'b0000000-0000-0000-0000-000000000007', 'English CAT 1', 50),
('aa000000-0000-0000-0000-000000000004', 'c0000000-0000-0000-0000-000000000003', 'g0000000-0000-0000-0000-000000000004', 'e0000000-0000-0000-0000-000000000017', 'b0000000-0000-0000-0000-000000000007', 'Accounting CAT 1', 50),
('aa000000-0000-0000-0000-000000000005', 'c0000000-0000-0000-0000-000000000004', 'g0000000-0000-0000-0000-000000000005', 'e0000000-0000-0000-0000-000000000025', 'b0000000-0000-0000-0000-000000000007', 'Electrical CAT 1', 50)
ON CONFLICT DO NOTHING;

-- =============================================
-- MARKS (sample data)
-- =============================================
INSERT INTO marks (id, trade_id, teacher_id, assessment_id, student_id, marks) VALUES
('bb000000-0000-0000-0000-000000000001', 'c0000000-0000-0000-0000-000000000001', 'g0000000-0000-0000-0000-000000000001', 'aa000000-0000-0000-0000-000000000001', 'h0000000-0000-0000-0000-000000000001', 42),
('bb000000-0000-0000-0000-000000000002', 'c0000000-0000-0000-0000-000000000001', 'g0000000-0000-0000-0000-000000000001', 'aa000000-0000-0000-0000-000000000001', 'h0000000-0000-0000-0000-000000000002', 38),
('bb000000-0000-0000-0000-000000000003', 'c0000000-0000-0000-0000-000000000001', 'g0000000-0000-0000-0000-000000000002', 'aa000000-0000-0000-0000-000000000002', 'h0000000-0000-0000-0000-000000000001', 45),
('bb000000-0000-0000-0000-000000000004', 'c0000000-0000-0000-0000-000000000001', 'g0000000-0000-0000-0000-000000000002', 'aa000000-0000-0000-0000-000000000002', 'h0000000-0000-0000-0000-000000000002', 35),
('bb000000-0000-0000-0000-000000000005', 'c0000000-0000-0000-0000-000000000002', 'g0000000-0000-0000-0000-000000000003', 'aa000000-0000-0000-0000-000000000003', 'h0000000-0000-0000-0000-000000000003', 40),
('bb000000-0000-0000-0000-000000000006', 'c0000000-0000-0000-0000-000000000002', 'g0000000-0000-0000-0000-000000000003', 'aa000000-0000-0000-0000-000000000003', 'h0000000-0000-0000-0000-000000000004', 44),
('bb000000-0000-0000-0000-000000000007', 'c0000000-0000-0000-0000-000000000003', 'g0000000-0000-0000-0000-000000000004', 'aa000000-0000-0000-0000-000000000004', 'h0000000-0000-0000-0000-000000000005', 37),
('bb000000-0000-0000-0000-000000000008', 'c0000000-0000-0000-0000-000000000004', 'g0000000-0000-0000-0000-000000000005', 'aa000000-0000-0000-0000-000000000005', 'h0000000-0000-0000-0000-000000000006', 41)
ON CONFLICT DO NOTHING;

-- =============================================
-- ATTENDANCE (sample data — last 5 school days)
-- =============================================
INSERT INTO attendance (id, trade_id, student_id, teacher_id, class_id, term_id, subject_id, attendance_date, status) VALUES
-- Jean (S1 Science) — Mathematics
('cc000000-0000-0000-0000-000000000001', 'c0000000-0000-0000-0000-000000000001', 'h0000000-0000-0000-0000-000000000001', 'g0000000-0000-0000-0000-000000000001', 'd0000000-0000-0000-0000-000000000001', 'b0000000-0000-0000-0000-000000000007', 'e0000000-0000-0000-0000-000000000001', '2026-07-07', 'PRESENT'),
('cc000000-0000-0000-0000-000000000002', 'c0000000-0000-0000-0000-000000000001', 'h0000000-0000-0000-0000-000000000001', 'g0000000-0000-0000-0000-000000000001', 'd0000000-0000-0000-0000-000000000001', 'b0000000-0000-0000-0000-000000000007', 'e0000000-0000-0000-0000-000000000001', '2026-07-08', 'PRESENT'),
('cc000000-0000-0000-0000-000000000003', 'c0000000-0000-0000-0000-000000000001', 'h0000000-0000-0000-0000-000000000001', 'g0000000-0000-0000-0000-000000000001', 'd0000000-0000-0000-0000-000000000001', 'b0000000-0000-0000-0000-000000000007', 'e0000000-0000-0000-0000-000000000001', '2026-07-09', 'LATE'),
('cc000000-0000-0000-0000-000000000004', 'c0000000-0000-0000-0000-000000000001', 'h0000000-0000-0000-0000-000000000001', 'g0000000-0000-0000-0000-000000000001', 'd0000000-0000-0000-0000-000000000001', 'b0000000-0000-0000-0000-000000000007', 'e0000000-0000-0000-0000-000000000001', '2026-07-10', 'PRESENT'),
('cc000000-0000-0000-0000-000000000005', 'c0000000-0000-0000-0000-000000000001', 'h0000000-0000-0000-0000-000000000001', 'g0000000-0000-0000-0000-000000000001', 'd0000000-0000-0000-0000-000000000001', 'b0000000-0000-0000-0000-000000000007', 'e0000000-0000-0000-0000-000000000001', '2026-07-11', 'PRESENT'),
-- Sarah (S1 Science) — Mathematics
('cc000000-0000-0000-0000-000000000006', 'c0000000-0000-0000-0000-000000000001', 'h0000000-0000-0000-0000-000000000002', 'g0000000-0000-0000-0000-000000000001', 'd0000000-0000-0000-0000-000000000001', 'b0000000-0000-0000-0000-000000000007', 'e0000000-0000-0000-0000-000000000001', '2026-07-07', 'PRESENT'),
('cc000000-0000-0000-0000-000000000007', 'c0000000-0000-0000-0000-000000000001', 'h0000000-0000-0000-0000-000000000002', 'g0000000-0000-0000-0000-000000000001', 'd0000000-0000-0000-0000-000000000001', 'b0000000-0000-0000-0000-000000000007', 'e0000000-0000-0000-0000-000000000001', '2026-07-08', 'ABSENT'),
('cc000000-0000-0000-0000-000000000008', 'c0000000-0000-0000-0000-000000000001', 'h0000000-0000-0000-0000-000000000002', 'g0000000-0000-0000-0000-000000000001', 'd0000000-0000-0000-0000-000000000001', 'b0000000-0000-0000-0000-000000000007', 'e0000000-0000-0000-0000-000000000001', '2026-07-09', 'PRESENT'),
('cc000000-0000-0000-0000-000000000009', 'c0000000-0000-0000-0000-000000000001', 'h0000000-0000-0000-0000-000000000002', 'g0000000-0000-0000-0000-000000000001', 'd0000000-0000-0000-0000-000000000001', 'b0000000-0000-0000-0000-000000000007', 'e0000000-0000-0000-0000-000000000001', '2026-07-10', 'PRESENT'),
('cc000000-0000-0000-0000-000000000010', 'c0000000-0000-0000-0000-000000000001', 'h0000000-0000-0000-0000-000000000002', 'g0000000-0000-0000-0000-000000000001', 'd0000000-0000-0000-0000-000000000001', 'b0000000-0000-0000-0000-000000000007', 'e0000000-0000-0000-0000-000000000001', '2026-07-11', 'PRESENT')
ON CONFLICT DO NOTHING;

-- =============================================
-- NOTIFICATIONS (sample data)
-- =============================================
INSERT INTO notifications (id, user_id, title, message, is_read) VALUES
('dd000000-0000-0000-0000-000000000001', 'f0000000-0000-0000-0000-000000000005', 'Welcome Back', 'Welcome to the new academic term. Please update your class allocations.', false),
('dd000000-0000-0000-0000-000000000002', 'f0000000-0000-0000-0000-000000000001', 'System Update', 'The system has been updated with new features. Check the changelog.', false),
('dd000000-0000-0000-0000-000000000003', 'f0000000-0000-0000-0000-000000000002', 'Exam Schedule', 'Mid-term exams will begin next week. Please prepare your students.', false)
ON CONFLICT DO NOTHING;
